Name,Email
Kingdude,Kingdude@gmail.com
multyfunguy,multyfunguy@gmail.com
nashi16,nashi16@gmail.com
RapidFierceDeitylink,RapidFierceDeitylink@gmail.com
justin10,justin10@gmail.com
ilikecereal,ilikecereal@gmail.com
monkeydo,monkeydo@gmail.com
loady740,loady740@gmail.com
richxox,richxox@gmail.com
RainBowSixThree,RainBowSixThree@gmail.com
shack,shack@gmail.com
ChaosEmerald,ChaosEmerald@gmail.com
Luke051,Luke051@gmail.com
tyrong,tyrong@gmail.com
90s,90s@gmail.com
pine,pine@gmail.com